Workbook

Sheet Indicateurs_ref
A1: Indicateur | B1: Source | C1: Périodicité | D1: Champ | E1: Dernière donnée | F1: URL | G1: Note méthodologique
A2: PIB en valeur (prix courants) | B2: Insee, Comptes nationaux trimestriels, base 2020 | C2: Trimestriel | D2: France | E2: 2026-T2 | F2: https://www.insee.fr/fr/statistiques/series/110309498 | G2: Fichier source : t_pib_val.xls, onglet 'Niveaux'. Données CVS-CJO, en milliards d'euros.
A3: PIB en volume (prix de l'année précédente chaînés) | B3: Insee, Comptes nationaux trimestriels, base 2020 | C3: Trimestriel | D3: France | E3: 2026-T2 | F3: https://www.insee.fr/fr/statistiques/series/110309498 | G3: Fichier source : t_pib_vol.xls, onglet 'Niveaux'. Sert à mesurer la croissance hors effet prix (inflation).
A4: Croissance trimestrielle du PIB (%, volume) | B4: Insee, Comptes nationaux trimestriels, base 2020 | C4: Trimestriel | D4: France | E4: 2026-T2 | F4: https://www.insee.fr/fr/statistiques/2830547 | G4: Fichier source : econ-gen-pib-composante-trim.xlsx. Variation par rapport au trimestre précédent, CVS-CJO.
A5: Déflateur du PIB (indice) | B5: Calculé : PIB valeur / PIB volume x 100 | C5: Trimestriel | D5: France | E5: 2026-T2 | F5: - | G5: Indicateur calculé dans cette feuille, pas une série officielle brute. Mesure l'écart entre euros courants et euros constants (proxy d'inflation sur le champ du PIB).
A6: Comparaison internationale (France, Allemagne, Etats-Unis, Japon, Royaume-Uni, zone euro/OCDE) | B6: OCDE, Perspectives économiques (Economic Outlook n°119, 2026/2) | C6: Annuel | D6: International | E6: 2027 (prévisions incluses) | F6: https://www.oecd.org/fr/data/indicators/real-gdp-forecast.html | G6: Croissance NOMINALE du PIB (valeur courante, mesure OCDE 'GDP'), calculée par nous à partir des niveaux en monnaie nationale (pas de série 'volume'/réelle disponible pour tous les pays dans l'export). Contrairement à la série France (PIB_croissance, en volume/réel), celle-ci inclut l'effet de l'inflation propre à chaque pays : à manier avec prudence pour une comparaison stricte, et à signaler clairement dans une popup méthodo sur le site. Source : OCDE, Perspectives économiques n°119 (2026/2), mesure GDP, prix courants, monnaie nationale, par pays.

Sheet PIB_niveau
A1: Trimestre | B1: Année | C1: PIB_valeur_MdEUR | D1: PIB_volume_MdEUR | E1: Deflateur_PIB_indice
A2: 1949-T2 | B2: =VALUE(LEFT(A2,4)) -> 1949 | C2: 3.221 | D2: 70.564 | E2: =C2/D2*100 -> 4.5646505
A3: 1949-T3 | B3: =VALUE(LEFT(A3,4)) -> 1949 | C3: 3.323 | D3: 71.621 | E3: =C3/D3*100 -> 4.6397006
A4: 1949-T4 | B4: =VALUE(LEFT(A4,4)) -> 1949 | C4: 3.415 | D4: 72.621 | E4: =C4/D4*100 -> 4.7024965
A5: 1950-T1 | B5: =VALUE(LEFT(A5,4)) -> 1950 | C5: 3.558 | D5: 74.617 | E5: =C5/D5*100 -> 4.7683504
A6: 1950-T2 | B6: =VALUE(LEFT(A6,4)) -> 1950 | C6: 3.745 | D6: 76.502 | E6: =C6/D6*100 -> 4.8952969
A7: 1950-T3 | B7: =VALUE(LEFT(A7,4)) -> 1950 | C7: 3.961 | D7: 78.356 | E7: =C7/D7*100 -> 5.055133
A8: 1950-T4 | B8: =VALUE(LEFT(A8,4)) -> 1950 | C8: 4.141 | D8: 80.231 | E8: =C8/D8*100 -> 5.1613466
A9: 1951-T1 | B9: =VALUE(LEFT(A9,4)) -> 1951 | C9: 4.378 | D9: 80.269 | E9: =C9/D9*100 -> 5.4541604
A10: 1951-T2 | B10: =VALUE(LEFT(A10,4)) -> 1951 | C10: 4.731 | D10: 80.851 | E10: =C10/D10*100 -> 5.8515046
A11: 1951-T3 | B11: =VALUE(LEFT(A11,4)) -> 1951 | C11: 4.955 | D11: 82.012 | E11: =C11/D11*100 -> 6.0417988
A12: 1951-T4 | B12: =VALUE(LEFT(A12,4)) -> 1951 | C12: 5.338 | D12: 82.838 | E12: =C12/D12*100 -> 6.4439026
A13: 1952-T1 | B13: =VALUE(LEFT(A13,4)) -> 1952 | C13: 5.619 | D13: 84.279 | E13: =C13/D13*100 -> 6.6671413
... A310: 2026-T2 | B310: =VALUE(LEFT(A310,4)) -> 2026 | C310: 760.179 | D310: 665.948 | E310: =C310/D310*100 -> 114.1499

Sheet PIB_croissance
A1: Trimestre | B1: Année | C1: Croissance_trimestrielle_pct | D1: Croissance_glissante_annuelle_pct
A2: 1949-T2 | B2: =VALUE(LEFT(A2,4)) -> 1949 | C2: 0.0090174309
A3: 1949-T3 | B3: =VALUE(LEFT(A3,4)) -> 1949 | C3: 0.014978496
A4: 1949-T4 | B4: =VALUE(LEFT(A4,4)) -> 1949 | C4: 0.013971592
A5: 1950-T1 | B5: =VALUE(LEFT(A5,4)) -> 1950 | C5: 0.027483235
A6: 1950-T2 | B6: =VALUE(LEFT(A6,4)) -> 1950 | C6: 0.025254262 | D6: =IFERROR((PIB_niveau!D6-PIB_niveau!D2)/PIB_niveau!D2,"") -> 0.084150558
A7: 1950-T3 | B7: =VALUE(LEFT(A7,4)) -> 1950 | C7: 0.024244251 | D7: =IFERROR((PIB_niveau!D7-PIB_niveau!D3)/PIB_niveau!D3,"") -> 0.094036665
A8: 1950-T4 | B8: =VALUE(LEFT(A8,4)) -> 1950 | C8: 0.023922746 | D8: =IFERROR((PIB_niveau!D8-PIB_niveau!D4)/PIB_niveau!D4,"") -> 0.10479063
A9: 1951-T1 | B9: =VALUE(LEFT(A9,4)) -> 1951 | C9: 0.0004741891 | D9: =IFERROR((PIB_niveau!D9-PIB_niveau!D5)/PIB_niveau!D5,"") -> 0.075746814
A10: 1951-T2 | B10: =VALUE(LEFT(A10,4)) -> 1951 | C10: 0.0072453766 | D10: =IFERROR((PIB_niveau!D10-PIB_niveau!D6)/PIB_niveau!D6,"") -> 0.056848187
A11: 1951-T3 | B11: =VALUE(LEFT(A11,4)) -> 1951 | C11: 0.014366164 | D11: =IFERROR((PIB_niveau!D11-PIB_niveau!D7)/PIB_niveau!D7,"") -> 0.046658839
A12: 1951-T4 | B12: =VALUE(LEFT(A12,4)) -> 1951 | C12: 0.010074413 | D12: =IFERROR((PIB_niveau!D12-PIB_niveau!D8)/PIB_niveau!D8,"") -> 0.032493675
A13: 1952-T1 | B13: =VALUE(LEFT(A13,4)) -> 1952 | C13: 0.017388323 | D13: =IFERROR((PIB_niveau!D13-PIB_niveau!D9)/PIB_niveau!D9,"") -> 0.04995702
A14: 1952-T2 | B14: =VALUE(LEFT(A14,4)) -> 1952 | C14: -0.0053331143 | D14: =IFERROR((PIB_niveau!D14-PIB_niveau!D10)/PIB_niveau!D10,"") -> 0.036833187
A15: 1952-T3 | B15: =VALUE(LEFT(A15,4)) -> 1952 | C15: 0.0097573725 | D15: =IFERROR((PIB_niveau!D15-PIB_niveau!D11)/PIB_niveau!D11,"") -> 0.032129444
A16: 1952-T4 | B16: =VALUE(LEFT(A16,4)) -> 1952 | C16: -0.0021570734 | D16: =IFERROR((PIB_niveau!D16-PIB_niveau!D12)/PIB_niveau!D12,"") -> 0.019640745
A17: 1953-T1 | B17: =VALUE(LEFT(A17,4)) -> 1953 | C17: 0.010947804 | D17: =IFERROR((PIB_niveau!D17-PIB_niveau!D13)/PIB_niveau!D13,"") -> 0.013170541
... A310: 2026-T2 | B310: =VALUE(LEFT(A310,4)) -> 2026 | C310: 0.0016424975 | D310: =IFERROR((PIB_niveau!D310-PIB_niveau!D306)/PIB_niveau!D306,"") -> 0.0073042826

Sheet International_comparaison
A1: Année | B1: France | C1: Allemagne | D1: Etats-Unis | E1: Japon | F1: Royaume-Uni | G1: Zone_euro | H1: OCDE_moyenne | I1: Type
A2: 1961 | B2: 0.08422084 | D2: 0.036556322 | E2: 0.20779278 | F2: 0.065557506 | H2: 0.075680608 | I2: Historique
A3: 1962 | B3: 0.12084005 | D3: 0.074192506 | E3: 0.13478207 | F3: 0.047199542 | H3: 0.089934096 | I3: Historique
A4: 1963 | B4: 0.12120309 | D4: 0.055520461 | E4: 0.14449063 | F4: 0.063778127 | H4: 0.086960786 | I4: Historique
A5: 1964 | B5: 0.10916396 | D5: 0.073746787 | E5: 0.17633028 | F5: 0.094801813 | H5: 0.10195315 | I5: Historique
A6: 1965 | B6: 0.080027061 | D6: 0.084487951 | E6: 0.11254752 | F6: 0.081718346 | H6: 0.09115915 | I6: Historique
A7: 1966 | B7: 0.083741142 | D7: 0.095816293 | E7: 0.16137905 | F7: 0.069708733 | H7: 0.099501154 | I7: Historique
A8: 1967 | B8: 0.081316379 | D8: 0.057218728 | E8: 0.17187582 | F8: 0.057857741 | H8: 0.077095677 | I8: Historique
A9: 1968 | B9: 0.090947561 | D9: 0.093830645 | E9: 0.18431495 | F9: 0.098927723 | H9: 0.1030012 | I9: Historique
A10: 1969 | B10: 0.15047057 | D10: 0.081825106 | E10: 0.17468429 | F10: 0.086551265 | H10: 0.10975325 | I10: Historique
A11: 1970 | B11: 0.11898107 | D11: 0.054731406 | E11: 0.17863244 | F11: 0.12616522 | H11: 0.10658775 | I11: Historique
A12: 1971 | B12: 0.11560694 | D12: 0.08528683 | E12: 0.10029859 | F12: 0.12184244 | H12: 0.10362831 | I12: Historique
A13: 1972 | B13: 0.11655543 | D13: 0.098091835 | E13: 0.14489092 | F13: 0.1225869 | H13: 0.11679917 | I13: Historique
... A32: 1991 | B32: 0.037606296 | D32: 0.03269831 | E32: 0.060167216 | F32: 0.052148885 | H32: 0.08717113 | I32: Historique
A33: 1992 | B33: 0.034645951 | C33: 0.069814191 | D33: 0.058816239 | E33: 0.024201896 | F33: 0.035517574 | G33: 0.059176133 | H33: 0.08168032 | I33: Historique
A34: 1993 | B34: 0.011541097 | C34: 0.027619859 | D34: 0.051873355 | E34: 0.0060921481 | F34: 0.053420456 | G34: 0.029316532 | H34: 0.070122442 | I34: Historique
A35: 1994 | B35: 0.033539712 | C35: 0.046597589 | D35: 0.062502638 | E35: 0.0097961224 | F35: 0.053259364 | G35: 0.05172385 | H35: 0.090496843 | I35: Historique
A36: 1995 | B36: 0.036332594 | C36: 0.034390251 | D36: 0.048373996 | E36: 0.016846121 | F36: 0.050882147 | G36: 0.05274782 | H36: 0.092245138 | I36: Historique
A37: 1996 | B37: 0.0267703 | C37: 0.0153843 | D37: 0.056726011 | E37: 0.029718744 | F37: 0.068647279 | G37: 0.035204622 | H37: 0.087652529 | I37: Historique
A38: 1997 | B38: 0.03421241 | C38: 0.020788736 | D38: 0.062482738 | E38: 0.014433536 | F38: 0.049178587 | G38: 0.041805831 | H38: 0.087557469 | I38: Historique
A39: 1998 | B39: 0.044058224 | C39: 0.02579772 | D39: 0.056573743 | E39: -0.019504725 | F39: 0.046179655 | G39: 0.044133842 | H39: 0.071189843 | I39: Historique
A40: 1999 | B40: 0.03497076 | C40: 0.025811582 | D40: 0.062712843 | E40: -0.016928089 | F40: 0.043800184 | G40: 0.040762295 | H40: 0.061786114 | I40: Historique
A41: 2000 | B41: 0.058418718 | C41: 0.027520227 | D41: 0.06435149 | E41: 0.0173894 | F41: 0.05544139 | G41: 0.053899273 | H41: 0.075434928 | I41: Historique
A42: 2001 | B42: 0.037789857 | C42: 0.032197998 | D42: 0.03228744 | E42: -0.0072750052 | F42: 0.041441618 | G42: 0.047522209 | H42: 0.046412936 | I42: Historique
A43: 2002 | B43: 0.032121548 | C43: 0.013001362 | D43: 0.032808692 | E43: -0.013070553 | F43: 0.038333238 | G43: 0.034349174 | H43: 0.042163674 | I43: Historique
A44: 2003 | B44: 0.02807442 | C44: 0.0077263818 | D44: 0.048251078 | E44: -0.0040928581 | F44: 0.05680009 | G44: 0.029675248 | H44: 0.044666246 | I44: Historique
... A68: 2027 | B68: 0.025978548 | C68: 0.03979994 | D68: 0.039205159 | E68: 0.032927277 | F68: 0.032200388 | G68: 0.036264441 | H68: 0.046427116 | I68: Prévision
A70: Note : croissance NOMINALE (voir Indicateurs_ref) — inclut l'inflation de chaque pays, contrairement à la série France en volume de l'onglet PIB_croissance.
